<?xml version="1.0" encoding="UTF-8"?>
<con:soapui-project id="ee7ae4a3-f6f7-455d-b8a9-e9f830b648bd" activeEnvironment="Default" name="Users" soapui-version="5.7.0" abortOnError="false" runType="SEQUENTIAL" resourceRoot="${projectDir}" xmlns:con="http://eviware.com/soapui/config"><con:settings/><con:interface xsi:type="con:WsdlInterface" id="6f8ea99d-0b81-4ddb-a87b-7a00102c7f37" wsaVersion="NONE" name="WrapperSoapServerBinding" type="wsdl" bindingName="{http://foo.bar/wrappersoapserver}WrapperSoapServerBinding" soapVersion="1_1" anonymous="optional" definition="http://users.bugred.ru/tasks/soap/WrapperSoapServer.php?wsdl" xmlns:xsi="http://www.w3.org/2001/XMLSchema-instance"><con:settings/><con:definitionCache type="TEXT" rootPart="http://users.bugred.ru/tasks/soap/WrapperSoapServer.php?wsdl"><con:part><con:url>http://users.bugred.ru/tasks/soap/WrapperSoapServer.php?wsdl</con:url><con:content><![CDATA[<definitions name="WrapperSoapServer" targetNamespace="http://foo.bar/wrappersoapserver" xmlns:tns="http://foo.bar/wrappersoapserver" xmlns:xsd="http://www.w3.org/2001/XMLSchema" xmlns:soap="http://schemas.xmlsoap.org/wsdl/soap/" xmlns:soapenc="http://schemas.xmlsoap.org/soap/encoding/" xmlns="http://schemas.xmlsoap.org/wsdl/" xmlns:ns="http://foo.bar/wrappersoapserver/types">
  <types>
    <xsd:schema targetNamespace="http://foo.bar/wrappersoapserver/types" xmlns="http://foo.bar/wrappersoapserver/types">
      <xsd:complexType name="ArrayOfResults">
        <xsd:complexContent>
          <xsd:restriction base="soapenc:Array">
            <xsd:attribute ref="soapenc:arrayType" soap:arrayType="xsd:array[]"/>
          </xsd:restriction>
        </xsd:complexContent>
      </xsd:complexType>
      <xsd:complexType name="MagicSearch">
        <xsd:sequence>
          <xsd:element name="foundCount" type="xsd:int"/>
          <xsd:element name="results" type="ns:ArrayOfResults"/>
        </xsd:sequence>
      </xsd:complexType>
      <xsd:element name="MagicSearch" nillable="true" type="ns:MagicSearch"/>
      <xsd:complexType name="ArrayOfCompany_users">
        <xsd:complexContent>
          <xsd:restriction base="soapenc:Array">
            <xsd:attribute ref="soapenc:arrayType" soap:arrayType="xsd:array[]"/>
          </xsd:restriction>
        </xsd:complexContent>
      </xsd:complexType>
      <xsd:complexType name="ArrayOfUsers">
        <xsd:complexContent>
          <xsd:restriction base="soapenc:Array">
            <xsd:attribute ref="soapenc:arrayType" soap:arrayType="xsd:array[]"/>
          </xsd:restriction>
        </xsd:complexContent>
      </xsd:complexType>
      <xsd:complexType name="CompanyReturn">
        <xsd:sequence>
          <xsd:element name="id_company" type="xsd:int"/>
          <xsd:element name="message" type="xsd:string"/>
          <xsd:element name="name" type="xsd:string"/>
          <xsd:element name="type" type="xsd:string"/>
          <xsd:element name="inn" type="xsd:string"/>
          <xsd:element name="ogrn" type="xsd:string"/>
          <xsd:element name="kpp" type="xsd:string"/>
          <xsd:element name="phone" type="xsd:string"/>
          <xsd:element name="adress" type="xsd:string"/>
          <xsd:element name="users" type="ns:ArrayOfUsers"/>
        </xsd:sequence>
      </xsd:complexType>
      <xsd:element name="CompanyReturn" nillable="true" type="ns:CompanyReturn"/>
      <xsd:complexType name="ArrayOfTasks">
        <xsd:complexContent>
          <xsd:restriction base="soapenc:Array">
            <xsd:attribute ref="soapenc:arrayType" soap:arrayType="xsd:array[]"/>
          </xsd:restriction>
        </xsd:complexContent>
      </xsd:complexType>
      <xsd:complexType name="ArrayOfCompanies">
        <xsd:complexContent>
          <xsd:restriction base="soapenc:Array">
            <xsd:attribute ref="soapenc:arrayType" soap:arrayType="xsd:array[]"/>
          </xsd:restriction>
        </xsd:complexContent>
      </xsd:complexType>
      <xsd:complexType name="UserReturnTask">
        <xsd:sequence>
          <xsd:element name="email" type="xsd:string"/>
          <xsd:element name="name" type="xsd:string"/>
          <xsd:element name="avatar" type="xsd:string"/>
          <xsd:element name="password" type="xsd:string"/>
          <xsd:element name="birthday" type="xsd:string"/>
          <xsd:element name="gender" type="xsd:string"/>
          <xsd:element name="date_start" type="xsd:string"/>
          <xsd:element name="hobby" type="xsd:string"/>
          <xsd:element name="name1" type="xsd:string"/>
          <xsd:element name="surname1" type="xsd:string"/>
          <xsd:element name="fathername1" type="xsd:string"/>
          <xsd:element name="cat" type="xsd:string"/>
          <xsd:element name="dog" type="xsd:string"/>
          <xsd:element name="parrot" type="xsd:string"/>
          <xsd:element name="cavy" type="xsd:string"/>
          <xsd:element name="hamster" type="xsd:string"/>
          <xsd:element name="squirrel" type="xsd:string"/>
          <xsd:element name="phone" type="xsd:string"/>
          <xsd:element name="adres" type="xsd:string"/>
          <xsd:element name="tasks" type="ns:ArrayOfTasks"/>
          <xsd:element name="companies" type="ns:ArrayOfCompanies"/>
        </xsd:sequence>
      </xsd:complexType>
      <xsd:element name="UserReturnTask" nillable="true" type="ns:UserReturnTask"/>
      <xsd:complexType name="TaskReturn">
        <xsd:sequence>
          <xsd:element name="id_task" type="xsd:int"/>
          <xsd:element name="message" type="xsd:string"/>
        </xsd:sequence>
      </xsd:complexType>
      <xsd:element name="TaskReturn" nillable="true" type="ns:TaskReturn"/>
      <xsd:complexType name="UserReturn">
        <xsd:sequence>
          <xsd:element name="email" type="xsd:string"/>
          <xsd:element name="name" type="xsd:string"/>
          <xsd:element name="avatar" type="xsd:string"/>
          <xsd:element name="password" type="xsd:string"/>
          <xsd:element name="birthday" type="xsd:string"/>
          <xsd:element name="gender" type="xsd:string"/>
          <xsd:element name="date_start" type="xsd:string"/>
          <xsd:element name="hobby" type="xsd:string"/>
          <xsd:element name="name1" type="xsd:string"/>
          <xsd:element name="surname1" type="xsd:string"/>
          <xsd:element name="fathername1" type="xsd:string"/>
          <xsd:element name="cat" type="xsd:string"/>
          <xsd:element name="dog" type="xsd:string"/>
          <xsd:element name="parrot" type="xsd:string"/>
          <xsd:element name="cavy" type="xsd:string"/>
          <xsd:element name="hamster" type="xsd:string"/>
          <xsd:element name="squirrel" type="xsd:string"/>
          <xsd:element name="phone" type="xsd:string"/>
          <xsd:element name="adres" type="xsd:string"/>
          <xsd:element name="inn" type="xsd:int"/>
        </xsd:sequence>
      </xsd:complexType>
      <xsd:element name="UserReturn" nillable="true" type="ns:UserReturn"/>
      <xsd:complexType name="ArrayOfCompanys">
        <xsd:complexContent>
          <xsd:restriction base="soapenc:Array">
            <xsd:attribute ref="soapenc:arrayType" soap:arrayType="xsd:array[]"/>
          </xsd:restriction>
        </xsd:complexContent>
      </xsd:complexType>
      <xsd:complexType name="UserReturnFull">
        <xsd:sequence>
          <xsd:element name="email" type="xsd:string"/>
          <xsd:element name="name" type="xsd:string"/>
          <xsd:element name="avatar" type="xsd:string"/>
          <xsd:element name="password" type="xsd:string"/>
          <xsd:element name="birthday" type="xsd:string"/>
          <xsd:element name="gender" type="xsd:string"/>
          <xsd:element name="date_start" type="xsd:string"/>
          <xsd:element name="hobby" type="xsd:string"/>
          <xsd:element name="name1" type="xsd:string"/>
          <xsd:element name="surname1" type="xsd:string"/>
          <xsd:element name="fathername1" type="xsd:string"/>
          <xsd:element name="cat" type="xsd:string"/>
          <xsd:element name="dog" type="xsd:string"/>
          <xsd:element name="parrot" type="xsd:string"/>
          <xsd:element name="cavy" type="xsd:string"/>
          <xsd:element name="hamster" type="xsd:string"/>
          <xsd:element name="squirrel" type="xsd:string"/>
          <xsd:element name="phone" type="xsd:string"/>
          <xsd:element name="adres" type="xsd:string"/>
          <xsd:element name="tasks" type="ns:ArrayOfTasks"/>
          <xsd:element name="companys" type="ns:ArrayOfCompanys"/>
        </xsd:sequence>
      </xsd:complexType>
      <xsd:element name="UserReturnFull" nillable="true" type="ns:UserReturnFull"/>
    </xsd:schema>
  </types>
  <message name="DeleteTaskRequest">
    <part name="email_owner" type="xsd:string"/>
    <part name="id_task" type="xsd:int"/>
  </message>
  <message name="DeleteTaskResponse">
    <part name="result" type="xsd:string"/>
  </message>
  <message name="MagicSearchRequest">
    <part name="query" type="xsd:string"/>
    <part name="partyType" type="xsd:string"/>
    <part name="fullSimilarity" type="xsd:bool"/>
    <part name="taskStatus" type="xsd:string"/>
    <part name="include" type="xsd:mixed"/>
    <part name="maxCount" type="xsd:int"/>
  </message>
  <message name="MagicSearchResponse">
    <part name="MagicSearch" element="ns:MagicSearch"/>
  </message>
  <message name="AddTaskInCronRequest">
    <part name="email_owner" type="xsd:string"/>
    <part name="id_task" type="xsd:int"/>
    <part name="hours" type="xsd:string"/>
    <part name="minutes" type="xsd:string"/>
    <part name="month" type="xsd:string"/>
    <part name="days" type="xsd:string"/>
    <part name="day_weeks" type="xsd:string"/>
  </message>
  <message name="AddTaskInCronResponse">
    <part name="result" type="xsd:string"/>
  </message>
  <message name="UpdateTaskRequest">
    <part name="email_owner" type="xsd:string"/>
    <part name="email_assign" type="xsd:string"/>
    <part name="id_task" type="xsd:int"/>
    <part name="task_title" type="xsd:string"/>
    <part name="task_description" type="xsd:string"/>
  </message>
  <message name="UpdateTaskResponse">
    <part name="result" type="xsd:string"/>
  </message>
  <message name="CreateCompanyRequest">
    <part name="company_name" type="xsd:string"/>
    <part name="company_type" type="xsd:string"/>
    <part name="company_users" type="ns:ArrayOfCompany_users"/>
    <part name="email_owner" type="xsd:string"/>
  </message>
  <message name="CreateCompanyResponse">
    <part name="CompanyReturn" element="ns:CompanyReturn"/>
  </message>
  <message name="CreateUserRequest">
    <part name="email" type="xsd:string"/>
    <part name="name" type="xsd:string"/>
    <part name="tasks" type="ns:ArrayOfTasks"/>
    <part name="companies" type="ns:ArrayOfCompanies"/>
    <part name="hobby" type="xsd:string"/>
    <part name="adres" type="xsd:string"/>
    <part name="name1" type="xsd:string"/>
    <part name="surname1" type="xsd:string"/>
    <part name="fathername1" type="xsd:string"/>
    <part name="cat" type="xsd:string"/>
    <part name="dog" type="xsd:string"/>
    <part name="parrot" type="xsd:string"/>
    <part name="cavy" type="xsd:string"/>
    <part name="hamster" type="xsd:string"/>
    <part name="squirrel" type="xsd:string"/>
    <part name="phone" type="xsd:string"/>
    <part name="inn" type="xsd:string"/>
    <part name="gender" type="xsd:string"/>
    <part name="birthday" type="xsd:string"/>
    <part name="date_start" type="xsd:string"/>
  </message>
  <message name="CreateUserResponse">
    <part name="UserReturnTask" element="ns:UserReturnTask"/>
  </message>
  <message name="CreateUserWithTasksRequest">
    <part name="email" type="xsd:string"/>
    <part name="name" type="xsd:string"/>
    <part name="tasks" type="ns:ArrayOfTasks"/>
    <part name="companies" type="ns:ArrayOfCompanies"/>
    <part name="hobby" type="xsd:string"/>
    <part name="adres" type="xsd:string"/>
    <part name="name1" type="xsd:string"/>
    <part name="surname1" type="xsd:string"/>
    <part name="fathername1" type="xsd:string"/>
    <part name="cat" type="xsd:string"/>
    <part name="dog" type="xsd:string"/>
    <part name="parrot" type="xsd:string"/>
    <part name="cavy" type="xsd:string"/>
    <part name="hamster" type="xsd:string"/>
    <part name="squirrel" type="xsd:string"/>
    <part name="phone" type="xsd:string"/>
    <part name="inn" type="xsd:string"/>
    <part name="gender" type="xsd:string"/>
    <part name="birthday" type="xsd:string"/>
    <part name="date_start" type="xsd:string"/>
  </message>
  <message name="CreateUserWithTasksResponse">
    <part name="UserReturnTask" element="ns:UserReturnTask"/>
  </message>
  <message name="CreateTaskRequest">
    <part name="task_title" type="xsd:string"/>
    <part name="task_description" type="xsd:string"/>
    <part name="email_owner" type="xsd:string"/>
    <part name="email_assign" type="xsd:string"/>
  </message>
  <message name="CreateTaskResponse">
    <part name="TaskReturn" element="ns:TaskReturn"/>
  </message>
  <message name="DeleteUserRequest">
    <part name="email" type="xsd:string"/>
  </message>
  <message name="DeleteUserResponse">
    <part name="result" type="xsd:string"/>
  </message>
  <message name="UpdateUserOneFieldRequest">
    <part name="email" type="xsd:string"/>
    <part name="field" type="xsd:string"/>
    <part name="value" type="xsd:string"/>
  </message>
  <message name="UpdateUserOneFieldResponse">
    <part name="result" type="xsd:string"/>
  </message>
  <message name="FullUpdateUserRequest">
    <part name="email" type="xsd:string"/>
    <part name="hobby" type="xsd:string"/>
    <part name="name" type="xsd:string"/>
    <part name="name1" type="xsd:string"/>
    <part name="surname1" type="xsd:string"/>
    <part name="fathername1" type="xsd:string"/>
    <part name="cat" type="xsd:string"/>
    <part name="dog" type="xsd:string"/>
    <part name="parrot" type="xsd:string"/>
    <part name="cavy" type="xsd:string"/>
    <part name="hamster" type="xsd:string"/>
    <part name="squirrel" type="xsd:string"/>
    <part name="phone" type="xsd:string"/>
    <part name="adres" type="xsd:string"/>
    <part name="gender" type="xsd:string"/>
    <part name="birthday" type="xsd:string"/>
    <part name="date_start" type="xsd:string"/>
    <part name="inn" type="xsd:string"/>
  </message>
  <message name="FullUpdateUserResponse">
    <part name="userReturn" element="ns:UserReturn"/>
  </message>
  <message name="doLoginRequest">
    <part name="email" type="xsd:string"/>
    <part name="password" type="xsd:string"/>
  </message>
  <message name="doLoginResponse">
    <part name="result" type="xsd:bool"/>
  </message>
  <message name="getCompanyRequest">
    <part name="id_company" type="xsd:int"/>
  </message>
  <message name="getCompanyResponse">
    <part name="companyReturn" element="ns:CompanyReturn"/>
  </message>
  <message name="getUserFullRequest">
    <part name="email" type="xsd:string"/>
  </message>
  <message name="getUserFullResponse">
    <part name="userReturnFull" element="ns:UserReturnFull"/>
  </message>
  <message name="getUserRequest">
    <part name="email" type="xsd:string"/>
  </message>
  <message name="getUserResponse">
    <part name="userReturn" element="ns:UserReturn"/>
  </message>
  <message name="doRegisterRequest">
    <part name="email" type="xsd:string"/>
    <part name="name" type="xsd:string"/>
    <part name="password" type="xsd:string"/>
  </message>
  <message name="doRegisterResponse">
    <part name="userReturn" element="ns:UserReturn"/>
  </message>
  <portType name="WrapperSoapServerPortType">
    <operation name="DeleteTask">
      <input message="tns:DeleteTaskRequest"/>
      <output message="tns:DeleteTaskResponse"/>
    </operation>
    <operation name="MagicSearch">
      <input message="tns:MagicSearchRequest"/>
      <output message="tns:MagicSearchResponse"/>
    </operation>
    <operation name="AddTaskInCron">
      <input message="tns:AddTaskInCronRequest"/>
      <output message="tns:AddTaskInCronResponse"/>
    </operation>
    <operation name="UpdateTask">
      <input message="tns:UpdateTaskRequest"/>
      <output message="tns:UpdateTaskResponse"/>
    </operation>
    <operation name="CreateCompany">
      <input message="tns:CreateCompanyRequest"/>
      <output message="tns:CreateCompanyResponse"/>
    </operation>
    <operation name="CreateUser">
      <input message="tns:CreateUserRequest"/>
      <output message="tns:CreateUserResponse"/>
    </operation>
    <operation name="CreateUserWithTasks">
      <input message="tns:CreateUserWithTasksRequest"/>
      <output message="tns:CreateUserWithTasksResponse"/>
    </operation>
    <operation name="CreateTask">
      <input message="tns:CreateTaskRequest"/>
      <output message="tns:CreateTaskResponse"/>
    </operation>
    <operation name="DeleteUser">
      <input message="tns:DeleteUserRequest"/>
      <output message="tns:DeleteUserResponse"/>
    </operation>
    <operation name="UpdateUserOneField">
      <input message="tns:UpdateUserOneFieldRequest"/>
      <output message="tns:UpdateUserOneFieldResponse"/>
    </operation>
    <operation name="FullUpdateUser">
      <input message="tns:FullUpdateUserRequest"/>
      <output message="tns:FullUpdateUserResponse"/>
    </operation>
    <operation name="doLogin">
      <input message="tns:doLoginRequest"/>
      <output message="tns:doLoginResponse"/>
    </operation>
    <operation name="getCompany">
      <input message="tns:getCompanyRequest"/>
      <output message="tns:getCompanyResponse"/>
    </operation>
    <operation name="getUserFull">
      <input message="tns:getUserFullRequest"/>
      <output message="tns:getUserFullResponse"/>
    </operation>
    <operation name="getUser">
      <input message="tns:getUserRequest"/>
      <output message="tns:getUserResponse"/>
    </operation>
    <operation name="doRegister">
      <input message="tns:doRegisterRequest"/>
      <output message="tns:doRegisterResponse"/>
    </operation>
  </portType>
  <binding name="WrapperSoapServerBinding" type="tns:WrapperSoapServerPortType">
    <soap:binding style="rpc" transport="http://schemas.xmlsoap.org/soap/http"/>
    <operation name="DeleteTask">
      <soap:operation soapAction="http://foo.bar/wrappersoapserver/#DeleteTask"/>
      <input>
        <soap:body use="literal" namespace="http://foo.bar/wrappersoapserver"/>
      </input>
      <output>
        <soap:body use="literal" namespace="http://foo.bar/wrappersoapserver"/>
      </output>
    </operation>
    <operation name="MagicSearch">
      <soap:operation soapAction="http://foo.bar/wrappersoapserver/#MagicSearch"/>
      <input>
        <soap:body use="literal" namespace="http://foo.bar/wrappersoapserver"/>
      </input>
      <output>
        <soap:body use="literal" namespace="http://foo.bar/wrappersoapserver"/>
      </output>
    </operation>
    <operation name="AddTaskInCron">
      <soap:operation soapAction="http://foo.bar/wrappersoapserver/#AddTaskInCron"/>
      <input>
        <soap:body use="literal" namespace="http://foo.bar/wrappersoapserver"/>
      </input>
      <output>
        <soap:body use="literal" namespace="http://foo.bar/wrappersoapserver"/>
      </output>
    </operation>
    <operation name="UpdateTask">
      <soap:operation soapAction="http://foo.bar/wrappersoapserver/#UpdateTask"/>
      <input>
        <soap:body use="literal" namespace="http://foo.bar/wrappersoapserver"/>
      </input>
      <output>
        <soap:body use="literal" namespace="http://foo.bar/wrappersoapserver"/>
      </output>
    </operation>
    <operation name="CreateCompany">
      <soap:operation soapAction="http://foo.bar/wrappersoapserver/#CreateCompany"/>
      <input>
        <soap:body use="literal" namespace="http://foo.bar/wrappersoapserver"/>
      </input>
      <output>
        <soap:body use="literal" namespace="http://foo.bar/wrappersoapserver"/>
      </output>
    </operation>
    <operation name="CreateUser">
      <soap:operation soapAction="http://foo.bar/wrappersoapserver/#CreateUser"/>
      <input>
        <soap:body use="literal" namespace="http://foo.bar/wrappersoapserver"/>
      </input>
      <output>
        <soap:body use="literal" namespace="http://foo.bar/wrappersoapserver"/>
      </output>
    </operation>
    <operation name="CreateUserWithTasks">
      <soap:operation soapAction="http://foo.bar/wrappersoapserver/#CreateUserWithTasks"/>
      <input>
        <soap:body use="literal" namespace="http://foo.bar/wrappersoapserver"/>
      </input>
      <output>
        <soap:body use="literal" namespace="http://foo.bar/wrappersoapserver"/>
      </output>
    </operation>
    <operation name="CreateTask">
      <soap:operation soapAction="http://foo.bar/wrappersoapserver/#CreateTask"/>
      <input>
        <soap:body use="literal" namespace="http://foo.bar/wrappersoapserver"/>
      </input>
      <output>
        <soap:body use="literal" namespace="http://foo.bar/wrappersoapserver"/>
      </output>
    </operation>
    <operation name="DeleteUser">
      <soap:operation soapAction="http://foo.bar/wrappersoapserver/#DeleteUser"/>
      <input>
        <soap:body use="literal" namespace="http://foo.bar/wrappersoapserver"/>
      </input>
      <output>
        <soap:body use="literal" namespace="http://foo.bar/wrappersoapserver"/>
      </output>
    </operation>
    <operation name="UpdateUserOneField">
      <soap:operation soapAction="http://foo.bar/wrappersoapserver/#UpdateUserOneField"/>
      <input>
        <soap:body use="literal" namespace="http://foo.bar/wrappersoapserver"/>
      </input>
      <output>
        <soap:body use="literal" namespace="http://foo.bar/wrappersoapserver"/>
      </output>
    </operation>
    <operation name="FullUpdateUser">
      <soap:operation soapAction="http://foo.bar/wrappersoapserver/#FullUpdateUser"/>
      <input>
        <soap:body use="literal" namespace="http://foo.bar/wrappersoapserver"/>
      </input>
      <output>
        <soap:body use="literal" namespace="http://foo.bar/wrappersoapserver"/>
      </output>
    </operation>
    <operation name="doLogin">
      <soap:operation soapAction="http://foo.bar/wrappersoapserver/#doLogin"/>
      <input>
        <soap:body use="literal" namespace="http://foo.bar/wrappersoapserver"/>
      </input>
      <output>
        <soap:body use="literal" namespace="http://foo.bar/wrappersoapserver"/>
      </output>
    </operation>
    <operation name="getCompany">
      <soap:operation soapAction="http://foo.bar/wrappersoapserver/#getCompany"/>
      <input>
        <soap:body use="literal" namespace="http://foo.bar/wrappersoapserver"/>
      </input>
      <output>
        <soap:body use="literal" namespace="http://foo.bar/wrappersoapserver"/>
      </output>
    </operation>
    <operation name="getUserFull">
      <soap:operation soapAction="http://foo.bar/wrappersoapserver/#getUserFull"/>
      <input>
        <soap:body use="literal" namespace="http://foo.bar/wrappersoapserver"/>
      </input>
      <output>
        <soap:body use="literal" namespace="http://foo.bar/wrappersoapserver"/>
      </output>
    </operation>
    <operation name="getUser">
      <soap:operation soapAction="http://foo.bar/wrappersoapserver/#getUser"/>
      <input>
        <soap:body use="literal" namespace="http://foo.bar/wrappersoapserver"/>
      </input>
      <output>
        <soap:body use="literal" namespace="http://foo.bar/wrappersoapserver"/>
      </output>
    </operation>
    <operation name="doRegister">
      <soap:operation soapAction="http://foo.bar/wrappersoapserver/#doRegister"/>
      <input>
        <soap:body use="literal" namespace="http://foo.bar/wrappersoapserver"/>
      </input>
      <output>
        <soap:body use="literal" namespace="http://foo.bar/wrappersoapserver"/>
      </output>
    </operation>
  </binding>
  <service name="WrapperSoapServerService">
    <port name="WrapperSoapServerPort" binding="tns:WrapperSoapServerBinding">
      <soap:address location="http://users.bugred.ru/tasks/soap/WrapperSoapServer.php"/>
    </port>
  </service>
</definitions>]]></con:content><con:type>http://schemas.xmlsoap.org/wsdl/</con:type></con:part></con:definitionCache><con:endpoints><con:endpoint>http://users.bugred.ru/tasks/soap/WrapperSoapServer.php</con:endpoint></con:endpoints><con:operation id="a2650d15-a8c3-48a9-8931-327c40cd052e" isOneWay="false" action="http://foo.bar/wrappersoapserver/#AddTaskInCron" name="AddTaskInCron" bindingOperationName="AddTaskInCron" type="Request-Response" inputName="" receivesAttachments="false" sendsAttachments="false" anonymous="optional"><con:settings/><con:call id="5c27804e-6f71-42ca-a6f9-41e9e79d1b87" name="Request 1"><con:settings><con:setting id="com.eviware.soapui.impl.wsdl.WsdlRequest@request-headers">&lt;xml-fragment/></con:setting></con:settings><con:encoding>UTF-8</con:encoding><con:endpoint>http://users.bugred.ru/tasks/soap/WrapperSoapServer.php</con:endpoint><con:request><![CDATA[<soapenv:Envelope xmlns:soapenv="http://schemas.xmlsoap.org/soap/envelope/" xmlns:wrap="http://foo.bar/wrappersoapserver">\r
   <soapenv:Header/>\r
   <soapenv:Body>\r
      <wrap:AddTaskInCron>\r
         <email_owner>test_s15@mail.ru</email_owner>\r
         <id_task>87</id_task>\r
         <hours>1</hours>\r
         <minutes>4</minutes>\r
         <month>2</month>\r
         <days>5</days>\r
         <day_weeks>2</day_weeks>\r
      </wrap:AddTaskInCron>\r
   </soapenv:Body>\r
</soapenv:Envelope>]]></con:request><con:credentials><con:authType>No Authorization</con:authType></con:credentials><con:jmsConfig JMSDeliveryMode="PERSISTENT"/><con:jmsPropertyConfig/><con:wsaConfig mustUnderstand="NONE" version="200508" action="http://foo.bar/wrappersoapserver/#AddTaskInCron"/><con:wsrmConfig version="1.2"/></con:call></con:operation><con:operation id="73130877-22a6-42ae-a3f9-7871060369c1" isOneWay="false" action="http://foo.bar/wrappersoapserver/#CreateCompany" name="CreateCompany" bindingOperationName="CreateCompany" type="Request-Response" inputName="" receivesAttachments="false" sendsAttachments="false" anonymous="optional"><con:settings/><con:call id="bf77d30c-68ac-456b-a8fd-66ff7d8db243" name="Request 1"><con:settings><con:setting id="com.eviware.soapui.impl.wsdl.WsdlRequest@request-headers">&lt;xml-fragment/></con:setting></con:settings><con:encoding>UTF-8</con:encoding><con:endpoint>http://users.bugred.ru/tasks/soap/WrapperSoapServer.php</con:endpoint><con:request><![CDATA[
<soapenv:Envelope xmlns:soapenv="http://schemas.xmlsoap.org/soap/envelope/" xmlns:wrap="http://foo.bar/wrappersoapserver" xmlns:soapenc="http://schemas.xmlsoap.org/soap/encoding/">
   <soapenv:Header/>
   <soapenv:Body>
      <wrap:CreateCompany>
         <company_name>Тестовая компания</company_name>
         <company_type>ООО</company_type>
         <email_owner>manager@mail.ru</email_owner>
           <company_users soapenc:arrayType="xsd:array[]">
                    <item>test_cu_11@mail.com</item>
                    <item>test_dev@mail.com</item>
                    <item>ivan@noibiz.com</item>
        </company_users>
      </wrap:CreateCompany>
   </soapenv:Body>
</soapenv:Envelope>]]></con:request><con:credentials><con:authType>No Authorization</con:authType></con:credentials><con:jmsConfig JMSDeliveryMode="PERSISTENT"/><con:jmsPropertyConfig/><con:wsaConfig mustUnderstand="NONE" version="200508" action="http://foo.bar/wrappersoapserver/#CreateCompany"/><con:wsrmConfig version="1.2"/></con:call></con:operation><con:operation id="bad3b4aa-2cb9-45c5-994a-2315f313484f" isOneWay="false" action="http://foo.bar/wrappersoapserver/#CreateTask" name="CreateTask" bindingOperationName="CreateTask" type="Request-Response" inputName="" receivesAttachments="false" sendsAttachments="false" anonymous="optional"><con:settings/><con:call id="e89fb9cc-a97c-4c95-bdc1-fd271023e2ff" name="Request 1"><con:settings><con:setting id="com.eviware.soapui.impl.wsdl.WsdlRequest@request-headers">&lt;xml-fragment/></con:setting></con:settings><con:encoding>UTF-8</con:encoding><con:endpoint>http://users.bugred.ru/tasks/soap/WrapperSoapServer.php</con:endpoint><con:request><![CDATA[<soapenv:Envelope xmlns:soapenv="http://schemas.xmlsoap.org/soap/envelope/" xmlns:wrap="http://foo.bar/wrappersoapserver">\r
   <soapenv:Header/>\r
   <soapenv:Body>\r
      <wrap:CreateTask>\r
         <task_title>Clean up the room</task_title>\r
         <task_description>some descrip</task_description>\r
         <email_owner>test_s15@mail.ru</email_owner>\r
         <email_assign>test_s13@mail.ru</email_assign>\r
      </wrap:CreateTask>\r
   </soapenv:Body>\r
</soapenv:Envelope>]]></con:request><con:credentials><con:authType>No Authorization</con:authType></con:credentials><con:jmsConfig JMSDeliveryMode="PERSISTENT"/><con:jmsPropertyConfig/><con:wsaConfig mustUnderstand="NONE" version="200508" action="http://foo.bar/wrappersoapserver/#CreateTask"/><con:wsrmConfig version="1.2"/></con:call></con:operation><con:operation id="0157f09c-1ca9-4feb-8ac6-81d2244f0c70" isOneWay="false" action="http://foo.bar/wrappersoapserver/#CreateUser" name="CreateUser" bindingOperationName="CreateUser" type="Request-Response" inputName="" receivesAttachments="false" sendsAttachments="false" anonymous="optional"><con:settings/><con:call id="9b7d851a-6d38-4010-bad9-796391ee279f" name="Request 1"><con:settings><con:setting id="com.eviware.soapui.impl.wsdl.WsdlRequest@request-headers">&lt;xml-fragment/></con:setting></con:settings><con:encoding>UTF-8</con:encoding><con:endpoint>http://users.bugred.ru/tasks/soap/WrapperSoapServer.php</con:endpoint><con:request><![CDATA[<soapenv:Envelope xmlns:soapenv="http://schemas.xmlsoap.org/soap/envelope/" xmlns:wrap="http://foo.bar/wrappersoapserver" xmlns:soapenc="http://schemas.xmlsoap.org/soap/encoding/">\r
   <soapenv:Header/>\r
   <soapenv:Body>\r
      <wrap:CreateUser>\r
         <email>test_task1@mail.com</email>\r
         <name>Maxx1</name>\r
         <tasks soapenc:arrayType="xsd:array[]" id="56, 2, 12, 5"/>\r
         <companies soapenc:arrayType="xsd:array[]" id="210, 4, 6, 12"/>\r
         <hobby>Running</hobby>\r
         <adres>?</adres>\r
         <name1>?</name1>\r
         <surname1>aka</surname1>\r
         <fathername1>?</fathername1>\r
         <cat>Mew</cat>\r
         <dog>?</dog>\r
         <parrot>?</parrot>\r
         <cavy>?</cavy>\r
         <hamster>?</hamster>\r
         <squirrel>?</squirrel>\r
         <phone>?</phone>\r
         <inn>?</inn>\r
         <gender>m</gender>\r
         <birthday>02.10.1920</birthday>\r
         <date_start>03.05.2011</date_start>\r
      </wrap:CreateUser>\r
   </soapenv:Body>\r
</soapenv:Envelope>]]></con:request><con:credentials><con:authType>No Authorization</con:authType></con:credentials><con:jmsConfig JMSDeliveryMode="PERSISTENT"/><con:jmsPropertyConfig/><con:wsaConfig mustUnderstand="NONE" version="200508" action="http://foo.bar/wrappersoapserver/#CreateUser"/><con:wsrmConfig version="1.2"/></con:call></con:operation><con:operation id="bf4f939a-795d-4b73-904d-16763c17db3b" isOneWay="false" action="http://foo.bar/wrappersoapserver/#CreateUserWithTasks" name="CreateUserWithTasks" bindingOperationName="CreateUserWithTasks" type="Request-Response" inputName="" receivesAttachments="false" sendsAttachments="false" anonymous="optional"><con:settings/><con:call id="570048c5-1349-43e6-8c58-8c340f9a674e" name="Request 1"><con:settings><con:setting id="com.eviware.soapui.impl.wsdl.WsdlRequest@request-headers">&lt;xml-fragment/></con:setting></con:settings><con:encoding>UTF-8</con:encoding><con:endpoint>http://users.bugred.ru/tasks/soap/WrapperSoapServer.php</con:endpoint><con:request><![CDATA[<soapenv:Envelope xmlns:soapenv="http://schemas.xmlsoap.org/soap/envelope/" xmlns:wrap="http://foo.bar/wrappersoapserver" xmlns:soapenc="http://schemas.xmlsoap.org/soap/encoding/">\r
   <soapenv:Header/>\r
   <soapenv:Body>\r
      <wrap:CreateUserWithTasks>\r
         <email>test_wd@gmail.com</email>\r
         <name>Tomm</name>\r
        <tasks>
         <task>
          <task_title></task_title>
          <task_description></task_description>
         </task>
         </tasks>
      
         <hobby></hobby>\r
         <adres></adres>\r
         <surname1></surname1>\r
         <dog></dog>\r
         <parrot></parrot>\r
  <phone></phone>\r
         <inn></inn>\r
         <gender></gender>\r
         <birthday></birthday>\r
         <date_start></date_start>\r
      </wrap:CreateUserWithTasks>\r
   </soapenv:Body>\r
</soapenv:Envelope>]]></con:request><con:credentials><con:authType>No Authorization</con:authType></con:credentials><con:jmsConfig JMSDeliveryMode="PERSISTENT"/><con:jmsPropertyConfig/><con:wsaConfig mustUnderstand="NONE" version="200508" action="http://foo.bar/wrappersoapserver/#CreateUserWithTasks"/><con:wsrmConfig version="1.2"/></con:call></con:operation><con:operation id="78449fa4-7f35-42c4-9dc5-b000201b6b71" isOneWay="false" action="http://foo.bar/wrappersoapserver/#DeleteTask" name="DeleteTask" bindingOperationName="DeleteTask" type="Request-Response" inputName="" receivesAttachments="false" sendsAttachments="false" anonymous="optional"><con:settings/><con:call id="6da1c3cb-5689-4b70-b735-bf951a833256" name="Request 1"><con:settings><con:setting id="com.eviware.soapui.impl.wsdl.WsdlRequest@request-headers">&lt;xml-fragment/></con:setting></con:settings><con:encoding>UTF-8</con:encoding><con:endpoint>http://users.bugred.ru/tasks/soap/WrapperSoapServer.php</con:endpoint><con:request><![CDATA[<soapenv:Envelope xmlns:soapenv="http://schemas.xmlsoap.org/soap/envelope/" xmlns:wrap="http://foo.bar/wrappersoapserver">\r
   <soapenv:Header/>\r
   <soapenv:Body>\r
      <wrap:DeleteTask>\r
         <email_owner>test_s12@mail.ru</email_owner>\r
         <id_task>57</id_task>\r
      </wrap:DeleteTask>\r
   </soapenv:Body>\r
</soapenv:Envelope>]]></con:request><con:credentials><con:authType>No Authorization</con:authType></con:credentials><con:jmsConfig JMSDeliveryMode="PERSISTENT"/><con:jmsPropertyConfig/><con:wsaConfig mustUnderstand="NONE" version="200508" action="http://foo.bar/wrappersoapserver/#DeleteTask"/><con:wsrmConfig version="1.2"/></con:call></con:operation><con:operation id="57122992-6a1b-485c-b1e2-d7dd448c3768" isOneWay="false" action="http://foo.bar/wrappersoapserver/#DeleteUser" name="DeleteUser" bindingOperationName="DeleteUser" type="Request-Response" inputName="" receivesAttachments="false" sendsAttachments="false" anonymous="optional"><con:settings/><con:call id="e6f23d22-13d5-4c3e-9cfe-56b83ba0df2b" name="Request 1"><con:settings><con:setting id="com.eviware.soapui.impl.wsdl.WsdlRequest@request-headers">&lt;xml-fragment/></con:setting></con:settings><con:encoding>UTF-8</con:encoding><con:endpoint>http://users.bugred.ru/tasks/soap/WrapperSoapServer.php</con:endpoint><con:request><![CDATA[<soapenv:Envelope xmlns:soapenv="http://schemas.xmlsoap.org/soap/envelope/" xmlns:wrap="http://foo.bar/wrappersoapserver">\r
   <soapenv:Header/>\r
   <soapenv:Body>\r
      <wrap:DeleteUser>\r
         <email>test_s14@mail.ru</email>\r
      </wrap:DeleteUser>\r
   </soapenv:Body>\r
</soapenv:Envelope>]]></con:request><con:credentials><con:authType>No Authorization</con:authType></con:credentials><con:jmsConfig JMSDeliveryMode="PERSISTENT"/><con:jmsPropertyConfig/><con:wsaConfig mustUnderstand="NONE" version="200508" action="http://foo.bar/wrappersoapserver/#DeleteUser"/><con:wsrmConfig version="1.2"/></con:call></con:operation><con:operation id="298f92d5-eefe-4307-934a-fe61b314ae92" isOneWay="false" action="http://foo.bar/wrappersoapserver/#doLogin" name="doLogin" bindingOperationName="doLogin" type="Request-Response" inputName="" receivesAttachments="false" sendsAttachments="false" anonymous="optional"><con:settings/><con:call id="be28838c-c98b-45ca-9abd-4234ee016460" name="Request 1"><con:settings><con:setting id="com.eviware.soapui.impl.wsdl.WsdlRequest@request-headers">&lt;xml-fragment/></con:setting></con:settings><con:encoding>UTF-8</con:encoding><con:endpoint>http://users.bugred.ru/tasks/soap/WrapperSoapServer.php</con:endpoint><con:request><![CDATA[<soapenv:Envelope xmlns:soapenv="http://schemas.xmlsoap.org/soap/envelope/" xmlns:wrap="http://foo.bar/wrappersoapserver">\r
   <soapenv:Header/>\r
   <soapenv:Body>\r
      <wrap:doLogin>\r
         <email>test_s13@mail.ru</email>\r
         <password>2</password>\r
      </wrap:doLogin>\r
   </soapenv:Body>\r
</soapenv:Envelope>]]></con:request><con:credentials><con:authType>No Authorization</con:authType></con:credentials><con:jmsConfig JMSDeliveryMode="PERSISTENT"/><con:jmsPropertyConfig/><con:wsaConfig mustUnderstand="NONE" version="200508" action="http://foo.bar/wrappersoapserver/#doLogin"/><con:wsrmConfig version="1.2"/></con:call></con:operation><con:operation id="f8823f64-0315-4564-b1f4-16d9e5fb9579" isOneWay="false" action="http://foo.bar/wrappersoapserver/#doRegister" name="doRegister" bindingOperationName="doRegister" type="Request-Response" inputName="" receivesAttachments="false" sendsAttachments="false" anonymous="optional"><con:settings/><con:call id="9462d4c9-832d-4de2-8af4-e9018bafd044" name="Request 1"><con:settings><con:setting id="com.eviware.soapui.impl.wsdl.WsdlRequest@request-headers">&lt;xml-fragment/></con:setting></con:settings><con:encoding>UTF-8</con:encoding><con:endpoint>http://users.bugred.ru/tasks/soap/WrapperSoapServer.php</con:endpoint><con:request><![CDATA[<soapenv:Envelope xmlns:soapenv="http://schemas.xmlsoap.org/soap/envelope/" xmlns:wrap="http://foo.bar/wrappersoapserver">\r
   <soapenv:Header/>\r
   <soapenv:Body>\r
      <wrap:doRegister>\r
         <email>test_s14@mail.ru</email>\r
         <name>RodgerX14</name>\r
         <password>2</password>\r
      </wrap:doRegister>\r
   </soapenv:Body>\r
</soapenv:Envelope>]]></con:request><con:credentials><con:authType>No Authorization</con:authType></con:credentials><con:jmsConfig JMSDeliveryMode="PERSISTENT"/><con:jmsPropertyConfig/><con:wsaConfig mustUnderstand="NONE" version="200508" action="http://foo.bar/wrappersoapserver/#doRegister"/><con:wsrmConfig version="1.2"/></con:call><con:call id="9112d698-3450-4894-9116-98c29204350d" name="Request 2"><con:settings><con:setting id="com.eviware.soapui.impl.wsdl.WsdlRequest@request-headers">&lt;xml-fragment/></con:setting></con:settings><con:encoding>UTF-8</con:encoding><con:endpoint>http://users.bugred.ru/tasks/soap/WrapperSoapServer.php</con:endpoint><con:request><![CDATA[<soapenv:Envelope xmlns:soapenv="http://schemas.xmlsoap.org/soap/envelope/" xmlns:wrap="http://foo.bar/wrappersoapserver">\r
   <soapenv:Header/>\r
   <soapenv:Body>\r
      <wrap:doRegister>\r
         <email>test_usr@gmail.com</email>\r
         <name>Dexter</name>
         <password>555</password>\r
      </wrap:doRegister>\r
   </soapenv:Body>\r
</soapenv:Envelope>]]></con:request><con:credentials><con:authType>No Authorization</con:authType></con:credentials><con:jmsConfig JMSDeliveryMode="PERSISTENT"/><con:jmsPropertyConfig/><con:wsaConfig mustUnderstand="NONE" version="200508" action="http://foo.bar/wrappersoapserver/#doRegister"/><con:wsrmConfig version="1.2"/></con:call></con:operation><con:operation id="ff91ef3f-e1aa-4ec5-bc27-79d9dbf0040d" isOneWay="false" action="http://foo.bar/wrappersoapserver/#FullUpdateUser" name="FullUpdateUser" bindingOperationName="FullUpdateUser" type="Request-Response" inputName="" receivesAttachments="false" sendsAttachments="false" anonymous="optional"><con:settings/><con:call id="41b17aa8-3d8d-415f-a822-1e9a9ff8b4b3" name="Request 1"><con:settings><con:setting id="com.eviware.soapui.impl.wsdl.WsdlRequest@request-headers">&lt;xml-fragment/></con:setting></con:settings><con:encoding>UTF-8</con:encoding><con:endpoint>http://users.bugred.ru/tasks/soap/WrapperSoapServer.php</con:endpoint><con:request><![CDATA[<soapenv:Envelope xmlns:soapenv="http://schemas.xmlsoap.org/soap/envelope/" xmlns:wrap="http://foo.bar/wrappersoapserver">\r
   <soapenv:Header/>\r
   <soapenv:Body>\r
      <wrap:FullUpdateUser>\r
         <email>test_s12@mail.ru</email>\r
         <hobby>reading</hobby>\r
         <name>Tommy</name>\r
         <name1>junior</name1>\r
         <surname1>smith</surname1>\r
         <fathername1>nothing</fathername1>\r
         <cat>mew</cat>\r
         <dog>gaf</dog>\r
         <parrot>T</parrot>\r
         <cavy>?</cavy>\r
         <hamster>espy</hamster>\r
         <squirrel>Dro</squirrel>\r
         <phone>444433442</phone>\r
         <adres>Garden street</adres>\r
         <gender>m</gender>\r
         <birthday>2018-09-30</birthday>\r
         <date_start>2020-09-22</date_start>\r
         <inn>1234561232456</inn>\r
      </wrap:FullUpdateUser>\r
   </soapenv:Body>\r
</soapenv:Envelope>]]></con:request><con:credentials><con:authType>No Authorization</con:authType></con:credentials><con:jmsConfig JMSDeliveryMode="PERSISTENT"/><con:jmsPropertyConfig/><con:wsaConfig mustUnderstand="NONE" version="200508" action="http://foo.bar/wrappersoapserver/#FullUpdateUser"/><con:wsrmConfig version="1.2"/></con:call></con:operation><con:operation id="ef1a33cc-d807-47d4-8057-80181661fa8f" isOneWay="false" action="http://foo.bar/wrappersoapserver/#getCompany" name="getCompany" bindingOperationName="getCompany" type="Request-Response" inputName="" receivesAttachments="false" sendsAttachments="false" anonymous="optional"><con:settings/><con:call id="2b404cff-db10-4c6f-a8cd-7c40c02db0a0" name="Request 1"><con:settings><con:setting id="com.eviware.soapui.impl.wsdl.WsdlRequest@request-headers">&lt;xml-fragment/></con:setting></con:settings><con:encoding>UTF-8</con:encoding><con:endpoint>http://users.bugred.ru/tasks/soap/WrapperSoapServer.php</con:endpoint><con:request><![CDATA[<soapenv:Envelope xmlns:soapenv="http://schemas.xmlsoap.org/soap/envelope/" xmlns:wrap="http://foo.bar/wrappersoapserver">\r
   <soapenv:Header/>\r
   <soapenv:Body>\r
      <wrap:getCompany>\r
         <id_company>20</id_company>\r
      </wrap:getCompany>\r
   </soapenv:Body>\r
</soapenv:Envelope>]]></con:request><con:credentials><con:authType>No Authorization</con:authType></con:credentials><con:jmsConfig JMSDeliveryMode="PERSISTENT"/><con:jmsPropertyConfig/><con:wsaConfig mustUnderstand="NONE" version="200508" action="http://foo.bar/wrappersoapserver/#getCompany"/><con:wsrmConfig version="1.2"/></con:call></con:operation><con:operation id="4e3063d4-1dc3-4b1d-8bc6-0afc126bd325" isOneWay="false" action="http://foo.bar/wrappersoapserver/#getUser" name="getUser" bindingOperationName="getUser" type="Request-Response" inputName="" receivesAttachments="false" sendsAttachments="false" anonymous="optional"><con:settings/><con:call id="aa86bd5d-e9a8-4f31-b785-50152180a280" name="Request 1"><con:settings/><con:encoding>UTF-8</con:encoding><con:endpoint>http://users.bugred.ru/tasks/soap/WrapperSoapServer.php</con:endpoint><con:request><![CDATA[<soapenv:Envelope xmlns:soapenv="http://schemas.xmlsoap.org/soap/envelope/" xmlns:wrap="http://foo.bar/wrappersoapserver">\r
   <soapenv:Header/>\r
   <soapenv:Body>\r
      <wrap:getUser>\r
         <email>?</email>\r
      </wrap:getUser>\r
   </soapenv:Body>\r
</soapenv:Envelope>]]></con:request><con:wsaConfig mustUnderstand="NONE" version="200508" action="http://foo.bar/wrappersoapserver/#getUser"/></con:call></con:operation><con:operation id="3835e709-7269-48f7-bb14-95017d452802" isOneWay="false" action="http://foo.bar/wrappersoapserver/#getUserFull" name="getUserFull" bindingOperationName="getUserFull" type="Request-Response" inputName="" receivesAttachments="false" sendsAttachments="false" anonymous="optional"><con:settings/><con:call id="985cbf00-b157-450a-8363-4ac4b7796c32" name="Request 1"><con:settings><con:setting id="com.eviware.soapui.impl.wsdl.WsdlRequest@request-headers">&lt;xml-fragment/></con:setting></con:settings><con:encoding>UTF-8</con:encoding><con:endpoint>http://users.bugred.ru/tasks/soap/WrapperSoapServer.php</con:endpoint><con:request><![CDATA[<soapenv:Envelope xmlns:soapenv="http://schemas.xmlsoap.org/soap/envelope/" xmlns:wrap="http://foo.bar/wrappersoapserver">\r
   <soapenv:Header/>\r
   <soapenv:Body>\r
      <wrap:getUserFull>\r
         <email>test_s13@mail.ru</email>\r
      </wrap:getUserFull>\r
   </soapenv:Body>\r
</soapenv:Envelope>]]></con:request><con:credentials><con:authType>No Authorization</con:authType></con:credentials><con:jmsConfig JMSDeliveryMode="PERSISTENT"/><con:jmsPropertyConfig/><con:wsaConfig mustUnderstand="NONE" version="200508" action="http://foo.bar/wrappersoapserver/#getUserFull"/><con:wsrmConfig version="1.2"/></con:call></con:operation><con:operation id="7363e8f7-4e96-4e4c-984e-99289e629147" isOneWay="false" action="http://foo.bar/wrappersoapserver/#MagicSearch" name="MagicSearch" bindingOperationName="MagicSearch" type="Request-Response" inputName="" receivesAttachments="false" sendsAttachments="false" anonymous="optional"><con:settings/><con:call id="87cb4067-f0e2-4c35-8083-2da801523646" name="Request 1"><con:settings><con:setting id="com.eviware.soapui.impl.wsdl.WsdlRequest@request-headers">&lt;xml-fragment/></con:setting></con:settings><con:encoding>UTF-8</con:encoding><con:endpoint>http://users.bugred.ru/tasks/soap/WrapperSoapServer.php</con:endpoint><con:request><![CDATA[<soapenv:Envelope xmlns:soapenv="http://schemas.xmlsoap.org/soap/envelope/" xmlns:wrap="http://foo.bar/wrappersoapserver">\r
   <soapenv:Header/>\r
   <soapenv:Body>\r
      <wrap:MagicSearch>\r
         <query>test_s15@mail.ru</query>\r
         <partyType>USER</partyType>\r
         <taskStatus>ALL</taskStatus>\r
         <maxCount>5</maxCount>\r
      </wrap:MagicSearch>\r
   </soapenv:Body>\r
</soapenv:Envelope>]]></con:request><con:credentials><con:authType>No Authorization</con:authType></con:credentials><con:jmsConfig JMSDeliveryMode="PERSISTENT"/><con:jmsPropertyConfig/><con:wsaConfig mustUnderstand="NONE" version="200508" action="http://foo.bar/wrappersoapserver/#MagicSearch"/><con:wsrmConfig version="1.2"/></con:call></con:operation><con:operation id="c9916fb9-ccd1-44ea-b039-a20403d99d00" isOneWay="false" action="http://foo.bar/wrappersoapserver/#UpdateTask" name="UpdateTask" bindingOperationName="UpdateTask" type="Request-Response" inputName="" receivesAttachments="false" sendsAttachments="false" anonymous="optional"><con:settings/><con:call id="71338b84-74bc-4012-9dbf-c0d0a6023a44" name="Request 1"><con:settings><con:setting id="com.eviware.soapui.impl.wsdl.WsdlRequest@request-headers">&lt;xml-fragment/></con:setting></con:settings><con:encoding>UTF-8</con:encoding><con:endpoint>http://users.bugred.ru/tasks/soap/WrapperSoapServer.php</con:endpoint><con:request><![CDATA[<soapenv:Envelope xmlns:soapenv="http://schemas.xmlsoap.org/soap/envelope/" xmlns:wrap="http://foo.bar/wrappersoapserver">\r
   <soapenv:Header/>\r
   <soapenv:Body>\r
      <wrap:UpdateTask>\r
         <email_owner>test_s12@mail.ru</email_owner>\r
         <email_assign>test_s13@mail.ru</email_assign>\r
         <id_task>57</id_task>\r
         <task_title>throw out trash</task_title>\r
         <task_description>do it now</task_description>\r
      </wrap:UpdateTask>\r
   </soapenv:Body>\r
</soapenv:Envelope>]]></con:request><con:credentials><con:authType>No Authorization</con:authType></con:credentials><con:jmsConfig JMSDeliveryMode="PERSISTENT"/><con:jmsPropertyConfig/><con:wsaConfig mustUnderstand="NONE" version="200508" action="http://foo.bar/wrappersoapserver/#UpdateTask"/><con:wsrmConfig version="1.2"/></con:call></con:operation><con:operation id="66ebd96d-83ed-43c7-a25a-3c4294dd31a0" isOneWay="false" action="http://foo.bar/wrappersoapserver/#UpdateUserOneField" name="UpdateUserOneField" bindingOperationName="UpdateUserOneField" type="Request-Response" inputName="" receivesAttachments="false" sendsAttachments="false" anonymous="optional"><con:settings/><con:call id="3046f0e9-8e79-465d-9b22-a5daaa717a22" name="Request 1"><con:settings><con:setting id="com.eviware.soapui.impl.wsdl.WsdlRequest@request-headers">&lt;xml-fragment/></con:setting></con:settings><con:encoding>UTF-8</con:encoding><con:endpoint>http://users.bugred.ru/tasks/soap/WrapperSoapServer.php</con:endpoint><con:request><![CDATA[<soapenv:Envelope xmlns:soapenv="http://schemas.xmlsoap.org/soap/envelope/" xmlns:wrap="http://foo.bar/wrappersoapserver">\r
   <soapenv:Header/>\r
   <soapenv:Body>\r
      <wrap:UpdateUserOneField>\r
         <email>test_s15@mail.ru</email>\r
         <field>hobby</field>\r
         <value>sleeping, eating</value>
      </wrap:UpdateUserOneField>\r
   </soapenv:Body>\r
</soapenv:Envelope>]]></con:request><con:credentials><con:authType>No Authorization</con:authType></con:credentials><con:jmsConfig JMSDeliveryMode="PERSISTENT"/><con:jmsPropertyConfig/><con:wsaConfig mustUnderstand="NONE" version="200508" action="http://foo.bar/wrappersoapserver/#UpdateUserOneField"/><con:wsrmConfig version="1.2"/></con:call></con:operation></con:interface><con:properties/><con:wssContainer/><con:oAuth2ProfileContainer/><con:oAuth1ProfileContainer/><con:sensitiveInformation/></con:soapui-project>